[{"model": "admin.logentry", "pk": 1, "fields": {"action_time": "2021-03-13T12:13:21.866Z", "user": 1, "content_type": 10, "object_id": "1", "object_repr": "divyansh-1", "action_flag": 2, "change_message": "[{\"changed\": {\"fields\": [\"first_name\", \"last_name\", \"role\"]}}]"}}, {"model": "admin.logentry", "pk": 2, "fields": {"action_time": "2021-03-13T14:29:42.786Z", "user": 3, "content_type": 10, "object_id": "3", "object_repr": "anurag-3", "action_flag": 2, "change_message": "[{\"changed\": {\"fields\": [\"first_name\", \"last_name\", \"regnum\", \"branch\", \"role\"]}}]"}}, {"model": "admin.logentry", "pk": 3, "fields": {"action_time": "2021-03-13T17:17:47.856Z", "user": 1, "content_type": 4, "object_id": "2", "object_repr": "divupa", "action_flag": 3, "change_message": ""}}, {"model": "admin.logentry", "pk": 4, "fields": {"action_time": "2021-03-13T17:40:05.516Z", "user": 1, "content_type": 4, "object_id": "5", "object_repr": "divupa", "action_flag": 2, "change_message": "[{\"changed\": {\"fields\": [\"Email address\"]}}]"}}, {"model": "admin.logentry", "pk": 5, "fields": {"action_time": "2021-03-15T14:53:07.488Z", "user": 1, "content_type": 4, "object_id": "5", "object_repr": "divupa", "action_flag": 3, "change_message": ""}}, {"model": "auth.permission", "pk": 1, "fields": {"name": "Can add log entry", "content_type": 1, "codename": "add_logentry"}}, {"model": "auth.permission", "pk": 2, "fields": {"name": "Can change log entry", "content_type": 1, "codename": "change_logentry"}}, {"model": "auth.permission", "pk": 3, "fields": {"name": "Can delete log entry", "content_type": 1, "codename": "delete_logentry"}}, {"model": "auth.permission", "pk": 4, "fields": {"name": "Can view log entry", "content_type": 1, "codename": "view_logentry"}}, {"model": "auth.permission", "pk": 5, "fields": {"name": "Can add permission", "content_type": 2, "codename": "add_permission"}}, {"model": "auth.permission", "pk": 6, "fields": {"name": "Can change permission", "content_type": 2, "codename": "change_permission"}}, {"model": "auth.permission", "pk": 7, "fields": {"name": "Can delete permission", "content_type": 2, "codename": "delete_permission"}}, {"model": "auth.permission", "pk": 8, "fields": {"name": "Can view permission", "content_type": 2, "codename": "view_permission"}}, {"model": "auth.permission", "pk": 9, "fields": {"name": "Can add group", "content_type": 3, "codename": "add_group"}}, {"model": "auth.permission", "pk": 10, "fields": {"name": "Can change group", "content_type": 3, "codename": "change_group"}}, {"model": "auth.permission", "pk": 11, "fields": {"name": "Can delete group", "content_type": 3, "codename": "delete_group"}}, {"model": "auth.permission", "pk": 12, "fields": {"name": "Can view group", "content_type": 3, "codename": "view_group"}}, {"model": "auth.permission", "pk": 13, "fields": {"name": "Can add user", "content_type": 4, "codename": "add_user"}}, {"model": "auth.permission", "pk": 14, "fields": {"name": "Can change user", "content_type": 4, "codename": "change_user"}}, {"model": "auth.permission", "pk": 15, "fields": {"name": "Can delete user", "content_type": 4, "codename": "delete_user"}}, {"model": "auth.permission", "pk": 16, "fields": {"name": "Can view user", "content_type": 4, "codename": "view_user"}}, {"model": "auth.permission", "pk": 17, "fields": {"name": "Can add content type", "content_type": 5, "codename": "add_contenttype"}}, {"model": "auth.permission", "pk": 18, "fields": {"name": "Can change content type", "content_type": 5, "codename": "change_contenttype"}}, {"model": "auth.permission", "pk": 19, "fields": {"name": "Can delete content type", "content_type": 5, "codename": "delete_contenttype"}}, {"model": "auth.permission", "pk": 20, "fields": {"name": "Can view content type", "content_type": 5, "codename": "view_contenttype"}}, {"model": "auth.permission", "pk": 21, "fields": {"name": "Can add session", "content_type": 6, "codename": "add_session"}}, {"model": "auth.permission", "pk": 22, "fields": {"name": "Can change session", "content_type": 6, "codename": "change_session"}}, {"model": "auth.permission", "pk": 23, "fields": {"name": "Can delete session", "content_type": 6, "codename": "delete_session"}}, {"model": "auth.permission", "pk": 24, "fields": {"name": "Can view session", "content_type": 6, "codename": "view_session"}}, {"model": "auth.permission", "pk": 25, "fields": {"name": "Can add project", "content_type": 7, "codename": "add_project"}}, {"model": "auth.permission", "pk": 26, "fields": {"name": "Can change project", "content_type": 7, "codename": "change_project"}}, {"model": "auth.permission", "pk": 27, "fields": {"name": "Can delete project", "content_type": 7, "codename": "delete_project"}}, {"model": "auth.permission", "pk": 28, "fields": {"name": "Can view project", "content_type": 7, "codename": "view_project"}}, {"model": "auth.permission", "pk": 29, "fields": {"name": "Can add share key", "content_type": 8, "codename": "add_sharekey"}}, {"model": "auth.permission", "pk": 30, "fields": {"name": "Can change share key", "content_type": 8, "codename": "change_sharekey"}}, {"model": "auth.permission", "pk": 31, "fields": {"name": "Can delete share key", "content_type": 8, "codename": "delete_sharekey"}}, {"model": "auth.permission", "pk": 32, "fields": {"name": "Can view share key", "content_type": 8, "codename": "view_sharekey"}}, {"model": "auth.permission", "pk": 33, "fields": {"name": "Can add blog", "content_type": 9, "codename": "add_blog"}}, {"model": "auth.permission", "pk": 34, "fields": {"name": "Can change blog", "content_type": 9, "codename": "change_blog"}}, {"model": "auth.permission", "pk": 35, "fields": {"name": "Can delete blog", "content_type": 9, "codename": "delete_blog"}}, {"model": "auth.permission", "pk": 36, "fields": {"name": "Can view blog", "content_type": 9, "codename": "view_blog"}}, {"model": "auth.permission", "pk": 37, "fields": {"name": "Can add profile", "content_type": 10, "codename": "add_profile"}}, {"model": "auth.permission", "pk": 38, "fields": {"name": "Can change profile", "content_type": 10, "codename": "change_profile"}}, {"model": "auth.permission", "pk": 39, "fields": {"name": "Can delete profile", "content_type": 10, "codename": "delete_profile"}}, {"model": "auth.permission", "pk": 40, "fields": {"name": "Can view profile", "content_type": 10, "codename": "view_profile"}}, {"model": "auth.permission", "pk": 41, "fields": {"name": "Can add component", "content_type": 11, "codename": "add_component"}}, {"model": "auth.permission", "pk": 42, "fields": {"name": "Can change component", "content_type": 11, "codename": "change_component"}}, {"model": "auth.permission", "pk": 43, "fields": {"name": "Can delete component", "content_type": 11, "codename": "delete_component"}}, {"model": "auth.permission", "pk": 44, "fields": {"name": "Can view component", "content_type": 11, "codename": "view_component"}}, {"model": "auth.permission", "pk": 45, "fields": {"name": "Can add request", "content_type": 12, "codename": "add_request"}}, {"model": "auth.permission", "pk": 46, "fields": {"name": "Can change request", "content_type": 12, "codename": "change_request"}}, {"model": "auth.permission", "pk": 47, "fields": {"name": "Can delete request", "content_type": 12, "codename": "delete_request"}}, {"model": "auth.permission", "pk": 48, "fields": {"name": "Can view request", "content_type": 12, "codename": "view_request"}}, {"model": "auth.permission", "pk": 49, "fields": {"name": "Can add tag", "content_type": 13, "codename": "add_tag"}}, {"model": "auth.permission", "pk": 50, "fields": {"name": "Can change tag", "content_type": 13, "codename": "change_tag"}}, {"model": "auth.permission", "pk": 51, "fields": {"name": "Can delete tag", "content_type": 13, "codename": "delete_tag"}}, {"model": "auth.permission", "pk": 52, "fields": {"name": "Can view tag", "content_type": 13, "codename": "view_tag"}}, {"model": "auth.permission", "pk": 53, "fields": {"name": "Can add tagged item", "content_type": 14, "codename": "add_taggeditem"}}, {"model": "auth.permission", "pk": 54, "fields": {"name": "Can change tagged item", "content_type": 14, "codename": "change_taggeditem"}}, {"model": "auth.permission", "pk": 55, "fields": {"name": "Can delete tagged item", "content_type": 14, "codename": "delete_taggeditem"}}, {"model": "auth.permission", "pk": 56, "fields": {"name": "Can view tagged item", "content_type": 14, "codename": "view_taggeditem"}}, {"model": "auth.permission", "pk": 57, "fields": {"name": "Can add news", "content_type": 15, "codename": "add_news"}}, {"model": "auth.permission", "pk": 58, "fields": {"name": "Can change news", "content_type": 15, "codename": "change_news"}}, {"model": "auth.permission", "pk": 59, "fields": {"name": "Can delete news", "content_type": 15, "codename": "delete_news"}}, {"model": "auth.permission", "pk": 60, "fields": {"name": "Can view news", "content_type": 15, "codename": "view_news"}}, {"model": "auth.permission", "pk": 61, "fields": {"name": "Can add workshop", "content_type": 16, "codename": "add_workshop"}}, {"model": "auth.permission", "pk": 62, "fields": {"name": "Can change workshop", "content_type": 16, "codename": "change_workshop"}}, {"model": "auth.permission", "pk": 63, "fields": {"name": "Can delete workshop", "content_type": 16, "codename": "delete_workshop"}}, {"model": "auth.permission", "pk": 64, "fields": {"name": "Can view workshop", "content_type": 16, "codename": "view_workshop"}}, {"model": "auth.user", "pk": 1, "fields": {"password": "pbkdf2_sha256$216000$YtIxBeztk9Hp$J8FSQQAIJayxxUrprdyFfObANc5NUupY+JZW9PXMq6M=", "last_login": "2021-03-15T19:06:26.669Z", "is_superuser": true, "username": "divyansh", "first_name": "", "last_name": "", "email": "divanimax@gmail.com", "is_staff": true, "is_active": true, "date_joined": "2021-03-13T12:12:19.142Z", "groups": [], "user_permissions": []}}, {"model": "auth.user", "pk": 3, "fields": {"password": "pbkdf2_sha256$216000$GrliQkLkyYMG$AdQpeRLaQcfu5gwKkTSm1uz8sTVYuxtJbCsijMHz6jI=", "last_login": "2021-03-14T08:53:54.199Z", "is_superuser": true, "username": "anurag", "first_name": "", "last_name": "", "email": "anurag@mailu.com", "is_staff": true, "is_active": true, "date_joined": "2021-03-13T14:28:45.256Z", "groups": [], "user_permissions": []}}, {"model": "auth.user", "pk": 4, "fields": {"password": "pbkdf2_sha256$216000$ES93pANlmk2w$pyrc8N+Ksn9jmqaVbg2GAAOtEeclctxtUGUpmOPqbTk=", "last_login": "2021-03-14T08:33:56.320Z", "is_superuser": false, "username": "Saitama", "first_name": "", "last_name": "", "email": "anurag.20195168@mnnit.ac.in", "is_staff": false, "is_active": true, "date_joined": "2021-03-13T15:28:37.640Z", "groups": [], "user_permissions": []}}, {"model": "auth.user", "pk": 6, "fields": {"password": "pbkdf2_sha256$216000$nJSePAFk79F1$2K9+PTVD0Db91DPUK+SzdFs12FbjxBtTh2aSvz/2n0c=", "last_login": null, "is_superuser": false, "username": "DuP-491", "first_name": "", "last_name": "", "email": "divyansh.20198117@mnnit.ac.in", "is_staff": false, "is_active": true, "date_joined": "2021-03-13T17:41:48.453Z", "groups": [], "user_permissions": []}}, {"model": "auth.user", "pk": 7, "fields": {"password": "pbkdf2_sha256$216000$V1fb4mWJY80J$twVY6jpq+lLtpUaaRz1B86Q8NZd41B2PVxTRBu2+GwU=", "last_login": null, "is_superuser": false, "username": "ardhya", "first_name": "", "last_name": "", "email": "kumar.20174014@mnnit.ac.in", "is_staff": false, "is_active": true, "date_joined": "2021-03-14T08:58:01.810Z", "groups": [], "user_permissions": []}}, {"model": "auth.user", "pk": 8, "fields": {"password": "pbkdf2_sha256$216000$Sv5IvHs3evep$vR1cQusu1z7zP1WPyS/ufSYEnmzErSVbQBOJytXJW6g=", "last_login": "2021-03-15T05:19:14.570Z", "is_superuser": false, "username": "ashutoshkr", "first_name": "", "last_name": "", "email": "ashutosh.20184029@mnnit.ac.in", "is_staff": false, "is_active": true, "date_joined": "2021-03-15T05:18:15.877Z", "groups": [], "user_permissions": []}}, {"model": "auth.user", "pk": 9, "fields": {"password": "pbkdf2_sha256$216000$dcur8gDraxiz$3NnVAklFa4wyQPsbpjzhbXs2Nvyeoh3D250F41gKdaI=", "last_login": null, "is_superuser": false, "username": "Robot", "first_name": "", "last_name": "", "email": "bhuvan@mnnit.ac.in", "is_staff": false, "is_active": false, "date_joined": "2021-03-15T19:25:56.029Z", "groups": [], "user_permissions": []}}, {"model": "auth.user", "pk": 10, "fields": {"password": "pbkdf2_sha256$216000$wqdksg8gx4V0$R178FmhNcboExhfuwHoDXAXimXhGvV5JFbOHesse1b4=", "last_login": "2021-03-15T19:30:04.830Z", "is_superuser": false, "username": "Robot_456", "first_name": "", "last_name": "", "email": "roboticsclub@mnnit.ac.in", "is_staff": false, "is_active": true, "date_joined": "2021-03-15T19:29:34.902Z", "groups": [], "user_permissions": []}}, {"model": "contenttypes.contenttype", "pk": 1, "fields": {"app_label": "admin", "model": "logentry"}}, {"model": "contenttypes.contenttype", "pk": 2, "fields": {"app_label": "auth", "model": "permission"}}, {"model": "contenttypes.contenttype", "pk": 3, "fields": {"app_label": "auth", "model": "group"}}, {"model": "contenttypes.contenttype", "pk": 4, "fields": {"app_label": "auth", "model": "user"}}, {"model": "contenttypes.contenttype", "pk": 5, "fields": {"app_label": "contenttypes", "model": "contenttype"}}, {"model": "contenttypes.contenttype", "pk": 6, "fields": {"app_label": "sessions", "model": "session"}}, {"model": "contenttypes.contenttype", "pk": 7, "fields": {"app_label": "project", "model": "project"}}, {"model": "contenttypes.contenttype", "pk": 8, "fields": {"app_label": "project", "model": "sharekey"}}, {"model": "contenttypes.contenttype", "pk": 9, "fields": {"app_label": "blog", "model": "blog"}}, {"model": "contenttypes.contenttype", "pk": 10, "fields": {"app_label": "user", "model": "profile"}}, {"model": "contenttypes.contenttype", "pk": 11, "fields": {"app_label": "component", "model": "component"}}, {"model": "contenttypes.contenttype", "pk": 12, "fields": {"app_label": "component", "model": "request"}}, {"model": "contenttypes.contenttype", "pk": 13, "fields": {"app_label": "taggit", "model": "tag"}}, {"model": "contenttypes.contenttype", "pk": 14, "fields": {"app_label": "taggit", "model": "taggeditem"}}, {"model": "contenttypes.contenttype", "pk": 15, "fields": {"app_label": "news", "model": "news"}}, {"model": "contenttypes.contenttype", "pk": 16, "fields": {"app_label": "workshop", "model": "workshop"}}, {"model": "sessions.session", "pk": "15un8e6dsomywd09kx12k9t045gghggi", "fields": {"session_data": ".eJxVjEEOwiAQRe_C2pBOaXFw6d4zEIYZpGogKe3KeHfbpAvd_vfefysf1iX7tcnsJ1YXBer0u1GITyk74Eco96pjLcs8kd4VfdCmb5XldT3cv4McWt7qEXnAnkZh6glcZ4wQEhuIBMgygBjrnOlccAnsyJQs46YmsgkFz-rzBe1tOHM:1lLhRG:iQNSpPbq6wQcD1MhzoqaTjIGw-VhQ6BZ4GraAZ75_ms", "expire_date": "2021-03-29T07:14:54.146Z"}}, {"model": "sessions.session", "pk": "3mnx7ojre9negwt64qsavp5zb25jn0pt", "fields": {"session_data": "eyJfcGFzc3dvcmRfcmVzZXRfdG9rZW4iOiJhamhybXgtODI2M2M3ZDBjYjU3NTkyZTZmMDk2MTQ2NzYxYmFkNDQifQ:1lLM9Y:oXoEztDlP15MtFczJlmO27iGKW1O4Vv1RPONw-s8FjQ", "expire_date": "2021-03-28T08:31:12.805Z"}}, {"model": "sessions.session", "pk": "crcddn525czwv5m8wavuoqnytamsh3n7", "fields": {"session_data": ".eJxVjEEOwiAQRe_C2pBOaXFw6d4zEIYZpGogKe3KeHfbpAvd_vfefysf1iX7tcnsJ1YXBer0u1GITyk74Eco96pjLcs8kd4VfdCmb5XldT3cv4McWt7qEXnAnkZh6glcZ4wQEhuIBMgygBjrnOlccAnsyJQs46YmsgkFz-rzBe1tOHM:1lLAaX:3JdXZrsMOSc_coogrOAopjke2IIMMhHcz5yw31Ho-Qo", "expire_date": "2021-03-27T20:10:17.470Z"}}, {"model": "sessions.session", "pk": "dadssyy08c750li7uwc9coir6e1e4rkq", "fields": {"session_data": "eyJfcGFzc3dvcmRfcmVzZXRfdG9rZW4iOiJhamhybXgtODI2M2M3ZDBjYjU3NTkyZTZmMDk2MTQ2NzYxYmFkNDQifQ:1lLM9Y:oXoEztDlP15MtFczJlmO27iGKW1O4Vv1RPONw-s8FjQ", "expire_date": "2021-03-28T08:31:12.850Z"}}, {"model": "sessions.session", "pk": "lan69i3xuvdy2yccfrk6ajaxptre47n9", "fields": {"session_data": ".eJxVjEEOwiAQAP_C2ZAVuqAevfsGwrKsVA0kpT0Z_25IetDrzGTeKsRtLWHreQkzq4uy6vDLKKZnrkPwI9Z706nVdZlJj0Tvtutb4_y67u3foMRextaDdWAygs0YASfrBZwIeop-IhBKho8ZGRO7ZFDkJERn5x17KwnU5wvTPzgw:1lLMVW:mvPPGxpkg2SoBKvaIPwrhCVdAYQbKDZq-Wa0M3YiPVA", "expire_date": "2021-03-28T08:53:54.201Z"}}, {"model": "sessions.session", "pk": "msn4urfx2acns9pla65v7ow0pa1frzmz", "fields": {"session_data": ".eJxVjMsOwiAQRf-FtSF0eLt07zcQBgapGkhKuzL-uzbpQrf3nHNfLMRtrWEbtIQ5szNz7PS7YUwPajvI99hunafe1mVGviv8oINfe6bn5XD_Dmoc9VtD1BQdUBHCY1FJe5LOGJEtTNII8EIpcslbwEyAbjIovUK0WmckXdj7A9lYN7A:1lLfdK:YFW6umQLVAU_aHZ5KV8NNHMHIuRSGApYaxvaRooZdpM", "expire_date": "2021-03-29T05:19:14.621Z"}}, {"model": "sessions.session", "pk": "u44gg4p67ea4s2tdioja9eatdvk85gs8", "fields": {"session_data": ".eJxVjEEOwiAQRe_C2pBOaXFw6d4zEIYZpGogKe3KeHfbpAvd_vfefysf1iX7tcnsJ1YXBer0u1GITyk74Eco96pjLcs8kd4VfdCmb5XldT3cv4McWt7qEXnAnkZh6glcZ4wQEhuIBMgygBjrnOlccAnsyJQs46YmsgkFz-rzBe1tOHM:1lLsXq:W5fvZuM1ybpWndXmFnMuzaDHjUw8OBvOyadlNzBNu4s", "expire_date": "2021-03-29T19:06:26.675Z"}}, {"model": "sessions.session", "pk": "x9wuthakq7pogwvv3zlyfgqdswu77o1p", "fields": {"session_data": ".eJxVjEEOwiAQRe_C2pBOaXFw6d4zEIYZpGogKe3KeHfbpAvd_vfefysf1iX7tcnsJ1YXBer0u1GITyk74Eco96pjLcs8kd4VfdCmb5XldT3cv4McWt7qEXnAnkZh6glcZ4wQEhuIBMgygBjrnOlccAnsyJQs46YmsgkFz-rzBe1tOHM:1lL8Cl:LvLKkzrimapwSwXuwEVKgzvL6xxfyAYMeNm3_z023rE", "expire_date": "2021-03-27T17:37:35.474Z"}}, {"model": "sessions.session", "pk": "yyz9u26o7yfx3ga5ec0judq2dnmatq1m", "fields": {"session_data": ".eJxVjMEOwiAQRP-FsyFLhS549O43kAUWqRqalPZk_HdL0oOeZjJvZt7C07YWvzVe_JTERSgQp98wUHxy7SQ9qN5nGee6LlOQvSIP2uRtTvy6Ht2_g0Kt9HUerYJkCBmdy9oNZtjFgCNUGJJWQBhsAMOWTeYY8hn0qFxEpN2Kzxf7nTfl:1lLsui:7tZpriMVIc4kYFv5kqJwBj2PqhZsIzfkkyYZvdAOPek", "expire_date": "2021-03-29T19:30:04.840Z"}}, {"model": "project.project", "pk": 2, "fields": {"title": "Indoor Navigation Robot", "aim": "Simulation of a Roomba like Robot for Internal Navigation purposes", "github": "", "vidlink": "https://www.youtube.com/embed/u8A2fI4MmqA", "detail": "<p><span style=\"font-size:13.999999999999998pt\"><span style=\"font-family:'Times New Roman'\"><span style=\"color:#000000\"><strong>Introduction:</strong></span></span></span></p>\r\n\r\n<p><span style=\"font-size:13.999999999999998pt\"><span style=\"font-family:'Times New Roman'\"><span style=\"color:#000000\">The project aims to simulate a differential drive ground robot capable of autonomously mapping an unknown environment using sensors onboard and then autonomously navigate in the environment avoiding the obstacles using the map build and sensors onboard the robot.</span></span></span></p>\r\n\r\n<p><span style=\"font-size:13.999999999999998pt\"><span style=\"font-family:'Times New Roman'\"><span style=\"color:#000000\">The whole project is designed for indoor environments where GPS information is either not directly available or weak enough so it can&rsquo;t be relied upon, thus complicating the localisation process.</span></span></span></p>\r\n\r\n<p><span style=\"font-size:13.999999999999998pt\"><span style=\"font-family:'Times New Roman'\"><span style=\"color:#000000\">We have simulated the project using a differential drive robot but the same can be extended to any aerial or ground vehicle easily as we have tried to keep the project as modular as possible.</span></span></span></p>\r\n\r\n<p><strong><span style=\"font-size:13.999999999999998pt\"><span style=\"font-family:'Times New Roman'\"><span style=\"color:#000000\"><em><u>Direct Applications of our project:</u></em></span></span></span></strong></p>\r\n\r\n<p><span style=\"font-size:13.999999999999998pt\"><span style=\"font-family:'Times New Roman'\"><span style=\"color:#000000\">1)Such Robots can be used to generate maps of any building.</span></span></span></p>\r\n\r\n<p><span style=\"font-size:13.999999999999998pt\"><span style=\"font-family:'Times New Roman'\"><span style=\"color:#000000\">2)Our vision-based navigation approach can be used for navigation in environments where GPS information is not directly available.</span></span></span></p>\r\n\r\n<p><span style=\"font-size:13.999999999999998pt\"><span style=\"font-family:'Times New Roman'\"><span style=\"color:#000000\">3)Our navigation approach is capable of working in completely unknown environments thus making them a perfect candidate for 1st hand responders of disaster management situations.</span></span></span></p>\r\n\r\n<p><u><span style=\"font-size:13.999999999999998pt\"><span style=\"font-family:'Times New Roman'\"><span style=\"color:#333333\"><span style=\"background-color:#ffffff\"><strong><em>Future Work:</em></strong></span></span></span></span></u></p>\r\n\r\n<p><span style=\"font-size:13.999999999999998pt\"><span style=\"font-family:'Times New Roman'\"><span style=\"color:#333333\"><span style=\"background-color:#ffffff\">We had to stop this project at the Simulation Stage because of lockdown imposed by COVID-19. We Plan to make this robot at hardware level when college reopens.</span></span></span></span></p>\r\n\r\n<p>&nbsp;</p>", "overview": "<p><span style=\"font-size:13.999999999999998pt\"><span style=\"font-family:'Times New Roman'\"><span style=\"color:#000000\"><strong>Introduction:</strong></span></span></span></p>\r\n\r\n<p><span style=\"font-size:13.999999999999998pt\"><span style=\"font-family:'Times New Roman'\"><span style=\"color:#000000\">The project aims to simulate a differential drive ground robot capable of autonomously mapping an unknown environment using sensors onboard and then autonomously navigate in the environment avoiding the obstacles using the map build and sensors onboard the robot.</span></span></span></p>\r\n\r\n<p><span style=\"font-size:13.999999999999998pt\"><span style=\"font-family:'Times New Roman'\"><span style=\"color:#000000\">The whole project is designed for indoor environments where GPS information is either not directly available or weak enough so it can&rsquo;t be relied upon, thus complicating the localisation process.</span></span></span></p>\r\n\r\n<p><span style=\"font-size:13.999999999999998pt\"><span style=\"font-family:'Times New Roman'\"><span style=\"color:#000000\">We have simulated the project using a differential drive robot but the same can be extended to any aerial or ground vehicle easily as we have tried to keep the project as modular as possible.</span></span></span></p>\r\n\r\n<p><strong><span style=\"font-size:13.999999999999998pt\"><span style=\"font-family:'Times New Roman'\"><span style=\"color:#000000\"><em><u>Direct Applications of our project:</u></em></span></span></span></strong></p>\r\n\r\n<p><span style=\"font-size:13.999999999999998pt\"><span style=\"font-family:'Times New Roman'\"><span style=\"color:#000000\">1)Such Robots can be used to generate maps of any building.</span></span></span></p>\r\n\r\n<p><span style=\"font-size:13.999999999999998pt\"><span style=\"font-family:'Times New Roman'\"><span style=\"color:#000000\">2)Our vision-based navigation approach can be used for navigation in environments where GPS information is not directly available.</span></span></span></p>\r\n\r\n<p><span style=\"font-size:13.999999999999998pt\"><span style=\"font-family:'Times New Roman'\"><span style=\"color:#000000\">3)Our navigation approach is capable of working in completely unknown environments thus making them a perfect candidate for 1st hand responders of disaster management situations.</span></span></span></p>\r\n\r\n<p><u><span style=\"font-size:13.999999999999998pt\"><span style=\"font-family:'Times New Roman'\"><span style=\"color:#333333\"><span style=\"background-color:#ffffff\"><strong><em>Future Work:</em></strong></span></span></span></span></u></p>\r\n\r\n<p><span style=\"font-size:13.999999999999998pt\"><span style=\"font-family:'Times New Roman'\"><span style=\"color:#333333\"><span style=\"background-color:#ffffff\">We had to stop this project at the Simulation Stage because of lockdown imposed by COVID-19. We Plan to make this robot at hardware level when college reopens.</span></span></span></span></p>\r\n\r\n<p><span style=\"font-size:13.999999999999998pt\"><span style=\"font-family:'Times New Roman'\"><span style=\"color:#000000\"><strong>Project by</strong></span></span></span><span style=\"font-size:13.999999999999998pt\"><span style=\"font-family:'Times New Roman'\"><span style=\"color:#000000\">:</span></span></span></p>\r\n\r\n<p><span style=\"font-size:13.999999999999998pt\"><span style=\"font-family:'Times New Roman'\"><span style=\"color:#000000\">Bhuvan Jhamb(20174009) ,Saurabh Kumar Yadav(20185051)</span></span></span></p>\r\n\r\n<p><a href=\"mailto:Contact-bhuvanjhamb29@gmail.com\" style=\"text-decoration:none\"><span style=\"font-size:13.999999999999998pt\"><span style=\"font-family:'Times New Roman'\"><span style=\"color:#1155cc\"><u>Contact-bhuvanjhamb29@gmail.com</u></span></span></span></a><span style=\"font-size:13.999999999999998pt\"><span style=\"font-family:'Times New Roman'\"><span style=\"color:#000000\">,</span></span></span><span style=\"font-size:13.999999999999998pt\"><span style=\"font-family:'Times New Roman'\"><span style=\"color:#0000ff\"><u>saurabh99184@gmail.com</u></span></span></span></p>\r\n\r\n<p>&nbsp;</p>", "status": 1, "comp_and_tech": "Linux, ROS(Robot Operating System), Gazebo(Simulation Software), Robot Modelling, Control Systems, SLAM(Simultaneous Localisation and Mapping), Localisation, Path Planning", "image": "projects/9b1a719c85c911eba5cab4969153f04c.jpg", "members": [3]}}, {"model": "project.project", "pk": 4, "fields": {"title": "WanderBot", "aim": "Pybullet Simulation of a Robotic arm mounted on Ground Robot for Warehouse Automation Task.", "github": "", "vidlink": "https://www.youtube.com/embed/x9zvJwYl4sc", "detail": "<p><span style=\"font-size:14.5pt\"><span style=\"font-family:'Times New Roman'\"><span style=\"color:#000000\">The robotic arm is used for multiple industrial applications, from welding, material handling, and thermal spraying, to painting and drilling and obviously picking some items and placing them somewhere else. In this project we have tried to mount the robotic arm(6DOF kuka arm) on a wheeled bot(husky mobile bot) so that the arm can pick some object from one point and place it in another. The project is built in Pybullet Simulation environment with the hope of implementing the same on hardware.</span></span></span></p>\r\n\r\n<p>&nbsp;</p>\r\n\r\n<p><span style=\"font-size:14.5pt\"><span style=\"font-family:'Times New Roman'\"><span style=\"color:#000000\"><strong><u>Main Technologies used in the Project:</u></strong></span></span></span></p>\r\n\r\n<ol>\r\n\t<li style=\"list-style-type:decimal\"><span style=\"font-size:14.5pt\"><span style=\"font-family:'Times New Roman'\"><span style=\"color:#000000\">Simulation in Pybullet</span></span></span></li>\r\n\t<li style=\"list-style-type:decimal\"><span style=\"font-size:14.5pt\"><span style=\"font-family:'Times New Roman'\"><span style=\"color:#000000\">Used real robots KUKA 6DOF robotic arm and HUSKY mobile robot in simulation.</span></span></span></li>\r\n\t<li style=\"list-style-type:decimal\"><span style=\"font-size:14.5pt\"><span style=\"font-family:'Times New Roman'\"><span style=\"color:#000000\">Self written Inverse kinematics used for robotic arm.</span></span></span></li>\r\n\t<li style=\"list-style-type:decimal\"><span style=\"font-size:14.5pt\"><span style=\"font-family:'Times New Roman'\"><span style=\"color:#000000\">Image processing.&nbsp;</span></span></span></li>\r\n\t<li style=\"list-style-type:decimal\"><span style=\"font-size:14.5pt\"><span style=\"font-family:'Times New Roman'\"><span style=\"color:#000000\">For navigation, used grass fire and Astar algorithm.</span></span></span></li>\r\n\t<li style=\"list-style-type:decimal\"><span style=\"font-size:14.5pt\"><span style=\"font-family:'Times New Roman'\"><span style=\"color:#000000\">PID controlled motion.</span></span></span></li>\r\n</ol>\r\n\r\n<p>&nbsp;</p>\r\n\r\n<p><span style=\"font-size:14.5pt\"><span style=\"font-family:'Times New Roman'\"><span style=\"color:#000000\"><strong><u>Practical Applications and Uses:</u></strong></span></span></span></p>\r\n\r\n<p style=\"margin-left:48px\"><span style=\"font-size:14.5pt\"><span style=\"font-family:'Times New Roman'\"><span style=\"color:#000000\"><strong>Application:</strong></span></span></span></p>\r\n\r\n<ol>\r\n\t<li style=\"list-style-type:decimal\"><span style=\"font-size:14.5pt\"><span style=\"font-family:'Times New Roman'\"><span style=\"color:#000000\">Health Care</span></span></span></li>\r\n</ol>\r\n\r\n<p style=\"margin-left:96px\"><span style=\"font-size:14.5pt\"><span style=\"font-family:'Times New Roman'\"><span style=\"color:#000000\">Such robots can be used to perform surgical operations on patients with the arm being controlled by the surgeon.&nbsp;</span></span></span></p>\r\n\r\n<p style=\"margin-left:96px\"><span style=\"font-size:14.5pt\"><span style=\"font-family:'Times New Roman'\"><span style=\"color:#000000\">In such times of pandemic where infection spreads by contact such robots can be effective to deliver medicines to the patients&rsquo; beds who are admitted in the hospital.</span></span></span></p>\r\n\r\n<ol start=\"2\">\r\n\t<li style=\"list-style-type:decimal\"><span style=\"font-size:14.5pt\"><span style=\"font-family:'Times New Roman'\"><span style=\"color:#000000\">Agriculture</span></span></span></li>\r\n</ol>\r\n\r\n<p style=\"margin-left:96px\"><span style=\"font-size:14.5pt\"><span style=\"font-family:'Times New Roman'\"><span style=\"color:#000000\">These kinds of robots can be used in harvesting the agricultural yield.</span></span></span></p>\r\n\r\n<ol start=\"3\">\r\n\t<li style=\"list-style-type:decimal\"><span style=\"font-size:14.5pt\"><span style=\"font-family:'Times New Roman'\"><span style=\"color:#000000\">WareHouse</span></span></span></li>\r\n</ol>\r\n\r\n<p style=\"margin-left:96px\"><span style=\"font-size:14.5pt\"><span style=\"font-family:'Times New Roman'\"><span style=\"color:#000000\">These robots can be used to automate the process of packing and loading the goods in warehouses.</span></span></span></p>\r\n\r\n<ol start=\"4\">\r\n\t<li style=\"list-style-type:decimal\"><span style=\"font-size:14.5pt\"><span style=\"font-family:'Times New Roman'\"><span style=\"color:#000000\">Security Services</span></span></span></li>\r\n</ol>\r\n\r\n<p style=\"margin-left:96px\"><span style=\"font-size:14.5pt\"><span style=\"font-family:'Times New Roman'\"><span style=\"color:#000000\">These robots can be extremely beneficial in emergency situations. They can be used during a bomb threat to locate and defuse the explosive without risking human life.</span></span></span></p>\r\n\r\n<p><span style=\"font-size:14.5pt\"><span style=\"font-family:'Times New Roman'\"><span style=\"color:#000000\"><strong><u>Project by:</u></strong></span></span></span><span style=\"font-size:14.5pt\"><span style=\"font-family:'Times New Roman'\"><span style=\"color:#000000\"><strong> Team !ABHIMANYU</strong></span></span></span></p>\r\n\r\n<ul>\r\n\t<li style=\"list-style-type:disc\"><span style=\"font-size:14.5pt\"><span style=\"font-family:'Times New Roman'\"><span style=\"color:#000000\">Purushotam Kumar Agrawal (20192042)</span></span></span></li>\r\n\t<li style=\"list-style-type:disc\"><span style=\"font-size:14.5pt\"><span style=\"font-family:'Times New Roman'\"><span style=\"color:#000000\">Mehul Singhal (20195022)</span></span></span></li>\r\n\t<li style=\"list-style-type:disc\"><span style=\"font-size:14.5pt\"><span style=\"font-family:'Times New Roman'\"><span style=\"color:#000000\">Anurag gupta (20195168)</span></span></span></li>\r\n</ul>", "overview": "<p><span style=\"font-size:14.5pt\"><span style=\"font-family:'Times New Roman'\"><span style=\"color:#000000\">The robotic arm is used for multiple industrial applications, from welding, material handling, and thermal spraying, to painting and drilling and obviously picking some items and placing them somewhere else. In this project we have tried to mount the robotic arm(6DOF kuka arm) on a wheeled bot(husky mobile bot) so that the arm can pick some object from one point and place it in another. The project is built in Pybullet Simulation environment with the hope of implementing the same on hardware.</span></span></span></p>\r\n\r\n<p>&nbsp;</p>\r\n\r\n<p><span style=\"font-size:14.5pt\"><span style=\"font-family:'Times New Roman'\"><span style=\"color:#000000\"><strong><u>Main Technologies used in the Project:</u></strong></span></span></span></p>\r\n\r\n<ol>\r\n\t<li style=\"list-style-type:decimal\"><span style=\"font-size:14.5pt\"><span style=\"font-family:'Times New Roman'\"><span style=\"color:#000000\">Simulation in Pybullet</span></span></span></li>\r\n\t<li style=\"list-style-type:decimal\"><span style=\"font-size:14.5pt\"><span style=\"font-family:'Times New Roman'\"><span style=\"color:#000000\">Used real robots KUKA 6DOF robotic arm and HUSKY mobile robot in simulation.</span></span></span></li>\r\n\t<li style=\"list-style-type:decimal\"><span style=\"font-size:14.5pt\"><span style=\"font-family:'Times New Roman'\"><span style=\"color:#000000\">Self written Inverse kinematics used for robotic arm.</span></span></span></li>\r\n\t<li style=\"list-style-type:decimal\"><span style=\"font-size:14.5pt\"><span style=\"font-family:'Times New Roman'\"><span style=\"color:#000000\">Image processing.&nbsp;</span></span></span></li>\r\n\t<li style=\"list-style-type:decimal\"><span style=\"font-size:14.5pt\"><span style=\"font-family:'Times New Roman'\"><span style=\"color:#000000\">For navigation, used grass fire and Astar algorithm.</span></span></span></li>\r\n\t<li style=\"list-style-type:decimal\"><span style=\"font-size:14.5pt\"><span style=\"font-family:'Times New Roman'\"><span style=\"color:#000000\">PID controlled motion.</span></span></span></li>\r\n</ol>\r\n\r\n<p style=\"list-style-type:decimal\">&nbsp;</p>\r\n\r\n<p><span style=\"font-size:14.5pt\"><span style=\"font-family:'Times New Roman'\"><span style=\"color:#000000\"><strong><u>Practical Applications and Uses:</u></strong></span></span></span></p>\r\n\r\n<p style=\"margin-left:48px\"><span style=\"font-size:14.5pt\"><span style=\"font-family:'Times New Roman'\"><span style=\"color:#000000\"><strong>Application:</strong></span></span></span></p>\r\n\r\n<ol>\r\n\t<li style=\"list-style-type:decimal\"><span style=\"font-size:14.5pt\"><span style=\"font-family:'Times New Roman'\"><span style=\"color:#000000\">Health Care</span></span></span></li>\r\n</ol>\r\n\r\n<p style=\"margin-left:96px\"><span style=\"font-size:14.5pt\"><span style=\"font-family:'Times New Roman'\"><span style=\"color:#000000\">Such robots can be used to perform surgical operations on patients with the arm being controlled by the surgeon.&nbsp;</span></span></span></p>\r\n\r\n<p style=\"margin-left:96px\"><span style=\"font-size:14.5pt\"><span style=\"font-family:'Times New Roman'\"><span style=\"color:#000000\">In such times of pandemic where infection spreads by contact such robots can be effective to deliver medicines to the patients&rsquo; beds who are admitted in the hospital.</span></span></span></p>\r\n\r\n<ol start=\"2\">\r\n\t<li style=\"list-style-type:decimal\"><span style=\"font-size:14.5pt\"><span style=\"font-family:'Times New Roman'\"><span style=\"color:#000000\">Agriculture</span></span></span></li>\r\n</ol>\r\n\r\n<p style=\"margin-left:96px\"><span style=\"font-size:14.5pt\"><span style=\"font-family:'Times New Roman'\"><span style=\"color:#000000\">These kinds of robots can be used in harvesting the agricultural yield.</span></span></span></p>\r\n\r\n<ol start=\"3\">\r\n\t<li style=\"list-style-type:decimal\"><span style=\"font-size:14.5pt\"><span style=\"font-family:'Times New Roman'\"><span style=\"color:#000000\">WareHouse</span></span></span></li>\r\n</ol>\r\n\r\n<p style=\"margin-left:96px\"><span style=\"font-size:14.5pt\"><span style=\"font-family:'Times New Roman'\"><span style=\"color:#000000\">These robots can be used to automate the process of packing and loading the goods in warehouses.</span></span></span></p>\r\n\r\n<ol start=\"4\">\r\n\t<li style=\"list-style-type:decimal\"><span style=\"font-size:14.5pt\"><span style=\"font-family:'Times New Roman'\"><span style=\"color:#000000\">Security Services</span></span></span></li>\r\n</ol>\r\n\r\n<p style=\"margin-left:96px\"><span style=\"font-size:14.5pt\"><span style=\"font-family:'Times New Roman'\"><span style=\"color:#000000\">These robots can be extremely beneficial in emergency situations. They can be used during a bomb threat to locate and defuse the explosive without risking human life.</span></span></span></p>\r\n\r\n<p><span style=\"font-size:14.5pt\"><span style=\"font-family:'Times New Roman'\"><span style=\"color:#000000\"><strong><u>Project by:</u></strong></span></span></span><span style=\"font-size:14.5pt\"><span style=\"font-family:'Times New Roman'\"><span style=\"color:#000000\"><strong> Team !ABHIMANYU</strong></span></span></span></p>\r\n\r\n<ul>\r\n\t<li style=\"list-style-type:disc\"><span style=\"font-size:14.5pt\"><span style=\"font-family:'Times New Roman'\"><span style=\"color:#000000\">Purushotam Kumar Agrawal (20192042)</span></span></span></li>\r\n\t<li style=\"list-style-type:disc\"><span style=\"font-size:14.5pt\"><span style=\"font-family:'Times New Roman'\"><span style=\"color:#000000\">Mehul Singhal (20195022)</span></span></span></li>\r\n\t<li style=\"list-style-type:disc\"><span style=\"font-size:14.5pt\"><span style=\"font-family:'Times New Roman'\"><span style=\"color:#000000\">Anurag gupta (20195168)</span></span></span></li>\r\n</ul>", "status": 1, "comp_and_tech": "Python,Pybullet", "image": "projects/a5ada77c85c511eb8be5b4969153f04c.jpg", "members": [3]}}, {"model": "project.project", "pk": 5, "fields": {"title": "Person Follower Robot", "aim": "A Robot capable of following a robot to follow a human in challenging situations using CNN and stereo depth camera.", "github": "", "vidlink": "https://www.youtube.com/embed/OKQsDz6z3-8&ab_channel=RoboticsClub", "detail": "<p style=\"margin-right:12px\"><span style=\"font-size:13.999999999999998pt\"><span style=\"font-family:Arial\"><span style=\"color:#000000\">In this project, we build a bot that can follow a person in real-world challenging situations. This bot has many applications such as autonomous carts in grocery stores, personal guides in hotels and hospitals, or as an autonomous suitcase. A person following robots in dynamic environments needs to address the tracking problem under different challenging situations (appearance changes, varying illumination, occlusions, pose changes such as crouching, exchanging jackets, etc.).&nbsp;</span></span></span></p>\r\n\r\n<p style=\"margin-right:12px\"><span style=\"font-size:13.999999999999998pt\"><span style=\"font-family:Arial\"><span style=\"color:#000000\">An online convolutional neural network (CNN) is used to track the given target under different situations. The target being tracked might move around corners making it disappear from the field of view of the robot. We address this problem by computing the recent poses of the target and have the robot replicate the local path of the target when the target is not visible in the current frame. We made a robot using DC encoder motors with Arduino, Raspberry Pi, and Realsense Depth Camera.</span></span></span></p>\r\n\r\n<p><span style=\"font-size:13.999999999999998pt\"><span style=\"font-family:Arial\"><span style=\"color:#000000\">We are following a research paper </span></span></span><a href=\"https://www.raghavendersahdev.com/uploads/3/9/6/2/39623741/personfollowingrobot_cnn_icvs2017.pdf\" style=\"text-decoration:none\"><span style=\"font-size:13.999999999999998pt\"><span style=\"font-family:Arial\"><span style=\"color:#1155cc\"><u>Integrating Stereo Vision with a CNN Tracker for a Person following Robot</u></span></span></span></a><span style=\"font-size:13.999999999999998pt\"><span style=\"font-family:Arial\"><span style=\"color:#000000\">.</span></span></span></p>\r\n\r\n<p>&nbsp;</p>\r\n\r\n<p><span style=\"font-size:13.999999999999998pt\"><span style=\"font-family:Arial\"><span style=\"color:#000000\"><strong>Project by:&nbsp;</strong></span></span></span></p>\r\n\r\n<p><span style=\"font-size:13.999999999999998pt\"><span style=\"font-family:Arial\"><span style=\"color:#000000\">Gaurav Bansal(20165142),&nbsp; Anuj Tiwari(20176032),&nbsp; Ayush Agrawal(20175064)</span></span></span></p>", "overview": "<p style=\"margin-right:12px\"><span style=\"font-size:13.999999999999998pt\"><span style=\"font-family:Arial\"><span style=\"color:#000000\">In this project, we build a bot that can follow a person in real-world challenging situations. This bot has many applications such as autonomous carts in grocery stores, personal guides in hotels and hospitals, or as an autonomous suitcase. A person following robots in dynamic environments needs to address the tracking problem under different challenging situations (appearance changes, varying illumination, occlusions, pose changes such as crouching, exchanging jackets, etc.).&nbsp;</span></span></span></p>\r\n\r\n<p style=\"margin-right:12px\"><span style=\"font-size:13.999999999999998pt\"><span style=\"font-family:Arial\"><span style=\"color:#000000\">An online convolutional neural network (CNN) is used to track the given target under different situations. The target being tracked might move around corners making it disappear from the field of view of the robot. We address this problem by computing the recent poses of the target and have the robot replicate the local path of the target when the target is not visible in the current frame. We made a robot using DC encoder motors with Arduino, Raspberry Pi, and Realsense Depth Camera.</span></span></span></p>\r\n\r\n<p><span style=\"font-size:13.999999999999998pt\"><span style=\"font-family:Arial\"><span style=\"color:#000000\">We are following a research paper </span></span></span><a href=\"https://www.raghavendersahdev.com/uploads/3/9/6/2/39623741/personfollowingrobot_cnn_icvs2017.pdf\" style=\"text-decoration:none\"><span style=\"font-size:13.999999999999998pt\"><span style=\"font-family:Arial\"><span style=\"color:#1155cc\"><u>Integrating Stereo Vision with a CNN Tracker for a Person following Robot</u></span></span></span></a><span style=\"font-size:13.999999999999998pt\"><span style=\"font-family:Arial\"><span style=\"color:#000000\">.</span></span></span></p>\r\n\r\n<p>&nbsp;</p>\r\n\r\n<p><span style=\"font-size:13.999999999999998pt\"><span style=\"font-family:Arial\"><span style=\"color:#000000\"><strong>Project by:&nbsp;</strong></span></span></span></p>\r\n\r\n<p><span style=\"font-size:13.999999999999998pt\"><span style=\"font-family:Arial\"><span style=\"color:#000000\">Gaurav Bansal(20165142),&nbsp; Anuj Tiwari(20176032),&nbsp; Ayush Agrawal(20175064)</span></span></span></p>\r\n\r\n<p>&nbsp;</p>", "status": 1, "comp_and_tech": "CNN, Arduino, Raspberry Pi", "image": "projects/a10f7bb885c611eb820fb4969153f04c.jpg", "members": [3]}}, {"model": "project.project", "pk": 6, "fields": {"title": "Drone Automation for Indoor Environment", "aim": "PID Tuning of a quadcopter and automation of its flight through  Python scripts using Robot Operating System.", "github": "", "vidlink": "https://www.youtube.com/embed/eLivFID9gQE", "detail": "<p><span style=\"font-size:13.999999999999998pt\"><span style=\"font-family:'Times New Roman'\"><span style=\"color:#000000\">In this project, we have tried to mimic the pollination process of a honeybee. The drone (bee) rises from its hive, pollinates a flower (lights the circuit), and comes back to its hive. The entire process is completely autonomous and can be initiated by one click. An overhead camera detects the position of the drone (Whycon marker attached on it) as well as position of flower (using image processing). This data is fed to a Python script as a ROS topic which then controls the drone using a PID Controller. The communication between laptop and drone is through the WiFi module. The entire project is developed on the ROS framework and PlutoX drone and was first simulated using V-REP Software.This project was done as a part of e-Yantra Robotics Competition 2018-19 under the theme &lsquo;Pollinator Bee&rsquo;.</span></span></span></p>\r\n\r\n<p><span style=\"font-size:13.999999999999998pt\"><span style=\"font-family:'Times New Roman'\"><span style=\"color:#000000\"><em><u>Languages Used</u></em></span></span></span><span style=\"font-size:13.999999999999998pt\"><span style=\"font-family:'Times New Roman'\"><span style=\"color:#000000\">: Python</span></span></span></p>\r\n\r\n<p><span style=\"font-size:13.999999999999998pt\"><span style=\"font-family:'Times New Roman'\"><span style=\"color:#000000\"><strong>Acknowledgments:</strong></span></span></span></p>\r\n\r\n<p><span style=\"font-size:13.999999999999998pt\"><span style=\"font-family:'Times New Roman'\"><span style=\"color:#000000\">We are thankful to e-Yantra Robotics Competition for giving a chance to carry this project, and for support and guidance throughout the competition.</span></span></span></p>\r\n\r\n<p><span style=\"font-size:13.999999999999998pt\"><span style=\"font-family:'Times New Roman'\"><span style=\"color:#000000\"><strong>Project by</strong></span></span></span><span style=\"font-size:13.999999999999998pt\"><span style=\"font-family:'Times New Roman'\"><span style=\"color:#000000\">:</span></span></span></p>\r\n\r\n<p><span style=\"font-size:13.999999999999998pt\"><span style=\"font-family:'Times New Roman'\"><span style=\"color:#000000\">Bhuvan Jhamb(20174009), Keshari Tiwari(20175054),</span></span></span></p>\r\n\r\n<p><span style=\"font-size:13.999999999999998pt\"><span style=\"font-family:'Times New Roman'\"><span style=\"color:#000000\">Archit Chaudhary(20173053), Parag Saroha(20175018)</span></span></span></p>", "overview": "<p><span style=\"font-size:13.999999999999998pt\"><span style=\"font-family:'Times New Roman'\"><span style=\"color:#000000\">In this project, we have tried to mimic the pollination process of a honeybee. The drone (bee) rises from its hive, pollinates a flower (lights the circuit), and comes back to its hive. The entire process is completely autonomous and can be initiated by one click. An overhead camera detects the position of the drone (Whycon marker attached on it) as well as position of flower (using image processing). This data is fed to a Python script as a ROS topic which then controls the drone using a PID Controller. The communication between laptop and drone is through the WiFi module. The entire project is developed on the ROS framework and PlutoX drone and was first simulated using V-REP Software.This project was done as a part of e-Yantra Robotics Competition 2018-19 under the theme &lsquo;Pollinator Bee&rsquo;.</span></span></span></p>\r\n\r\n<p><span style=\"font-size:13.999999999999998pt\"><span style=\"font-family:'Times New Roman'\"><span style=\"color:#000000\"><em><u>Languages Used</u></em></span></span></span><span style=\"font-size:13.999999999999998pt\"><span style=\"font-family:'Times New Roman'\"><span style=\"color:#000000\">: Python</span></span></span></p>\r\n\r\n<p><span style=\"font-size:13.999999999999998pt\"><span style=\"font-family:'Times New Roman'\"><span style=\"color:#000000\"><strong>Acknowledgments:</strong></span></span></span></p>\r\n\r\n<p><span style=\"font-size:13.999999999999998pt\"><span style=\"font-family:'Times New Roman'\"><span style=\"color:#000000\">We are thankful to e-Yantra Robotics Competition for giving a chance to carry this project, and for support and guidance throughout the competition.</span></span></span></p>\r\n\r\n<p><span style=\"font-size:13.999999999999998pt\"><span style=\"font-family:'Times New Roman'\"><span style=\"color:#000000\"><strong>Project by</strong></span></span></span><span style=\"font-size:13.999999999999998pt\"><span style=\"font-family:'Times New Roman'\"><span style=\"color:#000000\">:</span></span></span></p>\r\n\r\n<p><span style=\"font-size:13.999999999999998pt\"><span style=\"font-family:'Times New Roman'\"><span style=\"color:#000000\">Bhuvan Jhamb(20174009), Keshari Tiwari(20175054),</span></span></span></p>\r\n\r\n<p><span style=\"font-size:13.999999999999998pt\"><span style=\"font-family:'Times New Roman'\"><span style=\"color:#000000\">Archit Chaudhary(20173053), Parag Saroha(20175018)</span></span></span></p>\r\n\r\n<p>&nbsp;</p>", "status": 1, "comp_and_tech": "Linux, ROS (Robot Operating System), V-REP (simulation software), control systems, PID tuning, Whycon markers, image processing, camera calibration", "image": "projects/849232c285c711ebb6b0b4969153f04c.jpg", "members": [3]}}, {"model": "project.project", "pk": 7, "fields": {"title": "Obstacle Avoidance using Behaviour Cloning", "aim": "A nitro engine based RC car modified to run on BLDC motor and LiPo battery capable of avoiding obstacles using Behaviour Cloning", "github": "", "vidlink": "https://www.youtube.com/embed/6onzXsYBDBA", "detail": "<p><span style=\"font-size:13.999999999999998pt\"><span style=\"font-family:Arial\"><span style=\"color:#000000\">In this project, we made a self-driving car with RC Car using Behaviour Cloning, which is one of the methods </span></span></span><span style=\"font-size:13.999999999999998pt\"><span style=\"font-family:Arial\"><span style=\"color:#202124\"><span style=\"background-color:#ffffff\">by which human sub cognitive skills can be captured and reproduced in a computer program.</span></span></span></span></p>\r\n\r\n<p><br />\r\n<span style=\"font-size:13.999999999999998pt\"><span style=\"font-family:Georgia\"><span style=\"color:#222222\"><span style=\"background-color:#ffffff\">Self Driving Car </span></span></span><span style=\"font-family:Roboto,sans-serif\"><span style=\"color:#111c24\"><span style=\"background-color:#ffffff\">is a vehicle capable of sensing its environment and operating without human involvement. A human passenger is not required to take control of the vehicle at any time, nor is a human passenger required to be present in the vehicle at all. An autonomous car can go&nbsp;</span></span></span></span><span style=\"font-size:13.999999999999998pt\"><span style=\"font-family:Roboto,sans-serif\"><span style=\"color:#111c24\"><span style=\"background-color:#ffffff\">anywhere a traditional car goes and do everything that an experienced human driver does.</span></span></span></span><span style=\"font-size:13.999999999999998pt\"><span style=\"font-family:Arial\"><span style=\"color:#000000\">&nbsp;&nbsp;</span></span></span></p>\r\n\r\n<p><span style=\"font-size:13.999999999999998pt\"><span style=\"font-family:Arial\"><span style=\"color:#000000\">Self Driving Cars are the future and we have to update with new technologies, So we started this project which is just a start to get the idea of how self-driving cars work. In this project, we converted a small RC car to a self-driving car that can run autonomously in corridors without human help.</span></span></span></p>\r\n\r\n<p>&nbsp;</p>\r\n\r\n<p><span style=\"font-size:13.999999999999998pt\"><span style=\"font-family:Arial\"><span style=\"color:#000000\"><strong>Methodology:</strong></span></span></span></p>\r\n\r\n<p>&nbsp;</p>\r\n\r\n<p><span style=\"font-size:13.999999999999998pt\"><span style=\"font-family:Arial\"><span style=\"color:#000000\">First, we converted RC car to electric car by replacing its engine with an electric motor, batteries, and microcontroller Arduino.</span></span></span></p>\r\n\r\n<p><span style=\"font-size:13.999999999999998pt\"><span style=\"font-family:Arial\"><span style=\"color:#000000\">The second step in this project is to collect data to train our CNN model by controlling the car manually using the joystick. To control the car manually using a joystick we use jetson nano with realsense depth camera. We create a </span></span></span><a href=\"https://github.com/anuj7862/self-driving-electric-car/blob/master/pygame1.py\" style=\"text-decoration:none\"><span style=\"font-size:13.999999999999998pt\"><span style=\"font-family:Arial\"><span style=\"color:#1155cc\"><u>python code</u></span></span></span></a><span style=\"font-size:13.999999999999998pt\"><span style=\"font-family:Arial\"><span style=\"color:#000000\"> using pygame library in python to control the car.</span></span></span></p>\r\n\r\n<p><span style=\"font-size:13.999999999999998pt\"><span style=\"font-family:Arial\"><span style=\"color:#000000\">At the time of data collection, we save the RGB and depth image from the camera with the steering value and speed value of the car at that time.</span></span></span></p>\r\n\r\n<p><span style=\"font-size:13.999999999999998pt\"><span style=\"font-family:Arial\"><span style=\"color:#000000\">In the final dataset, we have 5173 images of (210*600) with steering and speed value of the car for model training</span></span></span></p>\r\n\r\n<p style=\"text-align:center\"><span style=\"font-size:13.999999999999998pt\"><span style=\"font-family:Arial\"><span style=\"color:#000000\"><img src=\"https://lh6.googleusercontent.com/v9NJs8zrDuBcwUwhntUXRzjQjcL76JlzIaOwyOaXQlRUY79puiK-IfBQQ7sXxPk8bu1JnmfcxL1s11XxbzOW-xd221xpyV7fMuG_1LcAQh8aYDiuYZjsZ4eK_rZa1O6m2sAJTxk\" style=\"height:354px; width:595px\" /></span></span></span></p>\r\n\r\n<p><span style=\"font-size:13.999999999999998pt\"><span style=\"font-family:Arial\"><span style=\"color:#000000\">The third step is to train our ML model with the help of a colletected dataset. We build a CNN model to predict the steering value and speed value. The CNN model takes the image and predicts the speed and steering value.</span></span></span></p>\r\n\r\n<p style=\"text-align:center\"><span style=\"font-size:13.999999999999998pt\"><span style=\"font-family:Arial\"><span style=\"color:#000000\"><img src=\"https://lh5.googleusercontent.com/TD9mTetF6_OYI03rMmEKgpcjC4rr3Lg9UdboEuv05_-X1c_y4UGxUWwpdScrMAVoVgV4CiRKRLR0G_MI3r_5WgLzYq2mKEMNCWrsvJ7GTkRFoux7DJSZ8JRWS9eUObxYTszu9VU\" style=\"height:218px; width:618px\" /></span></span></span></p>\r\n\r\n<p><span style=\"font-size:13.999999999999998pt\"><span style=\"font-family:Arial\"><span style=\"color:#000000\">The last layer of our model is the predicted value of speed and steering. In our CNN model, we used Conv layers, Dropout layers, Flatten layers, and some dense layers.</span></span></span></p>\r\n\r\n<p style=\"text-align:center\"><img src=\"https://lh6.googleusercontent.com/HJSRimEPlz2aFet7Rm6AfMYqSdeUsMlFce-SjMrF_O8LcGE0Or75ceAi9i_oEK1tYhRMkmSE3uo6XBWJ64FSLx3cxq70A3FejNv7hPAv558wDWdRdqct8GsLtx0_brCL5EM-o5A\" style=\"height:424px; width:441px\" /></p>\r\n\r\n<p><span style=\"font-size:13.999999999999998pt\"><span style=\"font-family:Arial\"><span style=\"color:#000000\"><strong>Project by:&nbsp;</strong></span></span></span></p>\r\n\r\n<p><span style=\"font-size:13.999999999999998pt\"><span style=\"font-family:Arial\"><span style=\"color:#000000\">Gaurav Bansal(20165142), Anuj Tiwari(20176032)</span></span></span></p>", "overview": "<p><span style=\"font-size:13.999999999999998pt\"><span style=\"font-family:Arial\"><span style=\"color:#000000\">In this project, we made a self-driving car with RC Car using Behaviour Cloning, which is one of the methods </span></span></span><span style=\"font-size:13.999999999999998pt\"><span style=\"font-family:Arial\"><span style=\"color:#202124\"><span style=\"background-color:#ffffff\">by which human sub cognitive skills can be captured and reproduced in a computer program.</span></span></span></span></p>\r\n\r\n<p><br />\r\n<span style=\"font-size:13.999999999999998pt\"><span style=\"font-family:Georgia\"><span style=\"color:#222222\"><span style=\"background-color:#ffffff\">Self Driving Car </span></span></span><span style=\"font-family:Roboto,sans-serif\"><span style=\"color:#111c24\"><span style=\"background-color:#ffffff\">is a vehicle capable of sensing its environment and operating without human involvement. A human passenger is not required to take control of the vehicle at any time, nor is a human passenger required to be present in the vehicle at all. An autonomous car can go&nbsp;</span></span></span></span><span style=\"font-size:13.999999999999998pt\"><span style=\"font-family:Roboto,sans-serif\"><span style=\"color:#111c24\"><span style=\"background-color:#ffffff\">anywhere a traditional car goes and do everything that an experienced human driver does.</span></span></span></span><span style=\"font-size:13.999999999999998pt\"><span style=\"font-family:Arial\"><span style=\"color:#000000\">&nbsp;&nbsp;</span></span></span></p>\r\n\r\n<p><span style=\"font-size:13.999999999999998pt\"><span style=\"font-family:Arial\"><span style=\"color:#000000\">Self Driving Cars are the future and we have to update with new technologies, So we started this project which is just a start to get the idea of how self-driving cars work. In this project, we converted a small RC car to a self-driving car that can run autonomously in corridors without human help.</span></span></span></p>\r\n\r\n<p><span style=\"font-size:13.999999999999998pt\"><span style=\"font-family:Arial\"><span style=\"color:#000000\"><strong>Methodology:</strong></span></span></span></p>\r\n\r\n<p><span style=\"font-size:13.999999999999998pt\"><span style=\"font-family:Arial\"><span style=\"color:#000000\">First, we converted RC car to electric car by replacing its engine with an electric motor, batteries, and microcontroller Arduino.</span></span></span></p>\r\n\r\n<p><span style=\"font-size:13.999999999999998pt\"><span style=\"font-family:Arial\"><span style=\"color:#000000\">The second step in this project is to collect data to train our CNN model by controlling the car manually using the joystick. To control the car manually using a joystick we use jetson nano with realsense depth camera. We create a </span></span></span><a href=\"https://github.com/anuj7862/self-driving-electric-car/blob/master/pygame1.py\" style=\"text-decoration:none\"><span style=\"font-size:13.999999999999998pt\"><span style=\"font-family:Arial\"><span style=\"color:#1155cc\"><u>python code</u></span></span></span></a><span style=\"font-size:13.999999999999998pt\"><span style=\"font-family:Arial\"><span style=\"color:#000000\"> using pygame library in python to control the car.</span></span></span></p>\r\n\r\n<p><span style=\"font-size:13.999999999999998pt\"><span style=\"font-family:Arial\"><span style=\"color:#000000\">At the time of data collection, we save the RGB and depth image from the camera with the steering value and speed value of the car at that time.</span></span></span></p>\r\n\r\n<p><span style=\"font-size:13.999999999999998pt\"><span style=\"font-family:Arial\"><span style=\"color:#000000\">In the final dataset, we have 5173 images of (210*600) with steering and speed value of the car for model training</span></span></span></p>\r\n\r\n<p style=\"text-align:center\"><span style=\"font-size:13.999999999999998pt\"><span style=\"font-family:Arial\"><span style=\"color:#000000\"><img src=\"https://lh6.googleusercontent.com/v9NJs8zrDuBcwUwhntUXRzjQjcL76JlzIaOwyOaXQlRUY79puiK-IfBQQ7sXxPk8bu1JnmfcxL1s11XxbzOW-xd221xpyV7fMuG_1LcAQh8aYDiuYZjsZ4eK_rZa1O6m2sAJTxk\" style=\"height:354px; width:595px\" /></span></span></span></p>\r\n\r\n<p><span style=\"font-size:13.999999999999998pt\"><span style=\"font-family:Arial\"><span style=\"color:#000000\">The third step is to train our ML model with the help of a colletected dataset. We build a CNN model to predict the steering value and speed value. The CNN model takes the image and predicts the speed and steering value.</span></span></span></p>\r\n\r\n<p style=\"text-align:center\"><span style=\"font-size:13.999999999999998pt\"><span style=\"font-family:Arial\"><span style=\"color:#000000\"><img src=\"https://lh5.googleusercontent.com/TD9mTetF6_OYI03rMmEKgpcjC4rr3Lg9UdboEuv05_-X1c_y4UGxUWwpdScrMAVoVgV4CiRKRLR0G_MI3r_5WgLzYq2mKEMNCWrsvJ7GTkRFoux7DJSZ8JRWS9eUObxYTszu9VU\" style=\"height:218px; width:618px\" /></span></span></span></p>\r\n\r\n<p><span style=\"font-size:13.999999999999998pt\"><span style=\"font-family:Arial\"><span style=\"color:#000000\">The last layer of our model is the predicted value of speed and steering. In our CNN model, we used Conv layers, Dropout layers, Flatten layers, and some dense layers.</span></span></span></p>\r\n\r\n<p style=\"text-align:center\"><img src=\"https://lh6.googleusercontent.com/HJSRimEPlz2aFet7Rm6AfMYqSdeUsMlFce-SjMrF_O8LcGE0Or75ceAi9i_oEK1tYhRMkmSE3uo6XBWJ64FSLx3cxq70A3FejNv7hPAv558wDWdRdqct8GsLtx0_brCL5EM-o5A\" style=\"height:424px; width:441px\" /></p>\r\n\r\n<p><span style=\"font-size:13.999999999999998pt\"><span style=\"font-family:Arial\"><span style=\"color:#000000\"><strong>Project by:&nbsp;</strong></span></span></span></p>\r\n\r\n<p><span style=\"font-size:13.999999999999998pt\"><span style=\"font-family:Arial\"><span style=\"color:#000000\">Gaurav Bansal(20165142), Anuj Tiwari(20176032)</span></span></span></p>\r\n\r\n<p>&nbsp;</p>", "status": 1, "comp_and_tech": "Pygame, CNN, OpenCV", "image": "projects/812efe6685c811eba5cab4969153f04c.png", "members": [3]}}, {"model": "project.project", "pk": 8, "fields": {"title": "CNC X-Y Plotter", "aim": "A CNC (Computer Numeric Control) plotter is able to draw complex line drawings", "github": "", "vidlink": "https://www.youtube.com/embed/eoYF8SyKTyU", "detail": "<p><span style=\"font-size:20pt\"><span style=\"font-family:'Times New Roman'\"><span style=\"color:#000000\"><strong>Introduction</strong></span></span></span></p>\r\n\r\n<p>&nbsp;</p>\r\n\r\n<p style=\"text-align:justify\"><span style=\"font-size:13.999999999999998pt\"><span style=\"font-family:'Times New Roman'\"><span style=\"color:#000000\">CNC stands for Computer Numeric Control and typically refers to a machine whose operation is controlled by a computer. The most common usage of CNC, and the one relevant to us, is the name given to devices that, under computer control are able to cut, etch, mill, engrave, build, turn and otherwise perform manufacturing operations on various materials. Typically, a CNC machine has the ability to move a cutting or 3D printing head in 2 to 6 axes, meaning that it can position that tool head at a precise point in or on the material to create the cut or operation desired at that point. By moving the head through multiple points, the cutting head can cut or sculpt the design represented by a data stream of positioning points being sent by the PC. By controlling a CNC machine through a PC it is possible for the user to design a product on-screen, convert it to CNC-readable code and then send that data to the CNC machine for it to produce a physical copy of the item designed. Robotic 2D Plotter basically works with two stepper motors and a servo motor, wherein the robot plots the input is given from the computer on the drawing board using ATMEGA 328p microcontroller on an open-source physical computing platform Arduino. The Robotic 2D plotter has a two-axis control and a special mechanism to raise and lower the pen. Each axis is powered and driven by using an Arduino compactable driver L293D. Pen control is achieved using a servo. The software used for programming the Arduino board are namely Inkscape (0.48.5), GRBL, Arduino IDE, Universal G-Code Sender.</span></span></span></p>\r\n\r\n<p><br />\r\n&nbsp;</p>\r\n\r\n<p><span style=\"font-size:20pt\"><span style=\"font-family:'Times New Roman'\"><span style=\"color:#000000\"><strong>Principle</strong></span></span></span></p>\r\n\r\n<p>&nbsp;</p>\r\n\r\n<p style=\"margin-right:6px; text-align:justify\"><span style=\"font-size:13.999999999999998pt\"><span style=\"font-family:'Times New Roman'\"><span style=\"color:#000000\">A CNC plotter is able to draw complex line drawings. The coordinates are uploaded to the machine controller by a separate program. The image file is transformed into G-code via Inkscape. Then the code is transferred to the microcontroller by which the motor mechanism is instructed to draw the image. The machine has two motors to implement the X and Y axis. A server motor is used along the Z axis for positioning the pen.</span></span></span></p>\r\n\r\n<p>&nbsp;</p>\r\n\r\n<p><span style=\"font-size:26pt\"><span style=\"font-family:'Times New Roman'\"><span style=\"color:#000000\"><img src=\"https://lh3.googleusercontent.com/FTli88RC0vD1sviVq09LI_NZIFMtK3r16ZrdFSkAfBAmMOgfWZZFPK8SN-IvdgDTSojXQdXuY4R_mEEQlRu5IgvDNiHDEO9HKssUCat6RPGExe6X1vi5684QrwjFVmTyY0yLtoM\" style=\"height:321px; width:310px\" /></span></span></span><span style=\"font-size:26pt\"><span style=\"font-family:'Times New Roman'\"><span style=\"color:#000000\">&nbsp; &nbsp; &nbsp; </span></span></span><span style=\"font-size:26pt\"><span style=\"font-family:'Times New Roman'\"><span style=\"color:#000000\"><img src=\"https://lh3.googleusercontent.com/KElCUeX5JnCsIGNmZ19O4s7O06wppzYGRtFCVI1L-cw6UKRwN9loGGcTWnsHZMR06bidT6_fk97w5xt1MP6AI8QkObiVwpheLWK__UTRDLWxBYEC_70hfQqQsh0kzS41MuB6zJM\" style=\"height:313px; width:303px\" /></span></span></span></p>\r\n\r\n<p><br />\r\n&nbsp;</p>\r\n\r\n<p><span style=\"font-size:20pt\"><span style=\"font-family:'Times New Roman'\"><span style=\"color:#000000\"><strong>Hardware</strong></span></span></span></p>\r\n\r\n<p>&nbsp;</p>\r\n\r\n<p style=\"text-align:justify\"><span style=\"font-size:13.999999999999998pt\"><span style=\"font-family:'Times New Roman'\"><span style=\"color:#000000\">Electronic hardware consists of interconnected electronic components which perform analog or logic operations on received and locally stored information to produce as output or store resulting new information or to provide control for output actuator mechanisms. Electronic hardware can range from individual chips/circuits to distributed information processing systems. Well-designed electronic hardware is composed of hierarchies of functional modules which inter-communicate via precisely defined interfaces The XY-plotter consists of two axes operating orthogonally to each other. Each axis includes a Stepper Motor drive system that is driven by an appropriate means. Additionally, a third axis, with limited motion capability is used to actuate the write head by using a servo motor.</span></span></span></p>\r\n\r\n<p>&nbsp;</p>\r\n\r\n<p><span style=\"font-size:20pt\"><span style=\"font-family:'Times New Roman'\"><span style=\"color:#000000\"><strong>Component Description</strong></span></span></span></p>\r\n\r\n<p>&nbsp;</p>\r\n\r\n<ol>\r\n\t<li style=\"list-style-type:decimal\"><span style=\"font-size:13.999999999999998pt\"><span style=\"font-family:'Times New Roman'\"><span style=\"color:#000000\">Arduino Uno: The Arduino Uno is an open-source microcontroller board based on the Microchip ATmega328P microcontroller and developed by Arduino.cc. </span></span></span><span style=\"font-size:11pt\"><span style=\"font-family:'Arial Black',sans-serif\"><span style=\"color:#000000\"><img src=\"https://lh4.googleusercontent.com/DdClHomXzphi0HoE_2e70CMBAKeWj2bGslVSI9ALu6L0KntPgtgZkxmNFgg0F9xVvb_dJqBoCOliAaUqeo-Tz7xgEHnalJkjd9SXM2lMVGrMiegeRC7p1diX7DPbqi48Pf_xn3A\" style=\"height:364px; width:593px\" /></span></span></span><span style=\"font-size:13.999999999999998pt\"><span style=\"font-family:'Times New Roman'\"><span style=\"color:#000000\">&nbsp;&nbsp;&nbsp;&nbsp;&nbsp;&nbsp;&nbsp;&nbsp;&nbsp;&nbsp;&nbsp;&nbsp;&nbsp;&nbsp;&nbsp;&nbsp;&nbsp;&nbsp;&nbsp;&nbsp;&nbsp;&nbsp;&nbsp;</span></span></span></li>\r\n</ol>\r\n\r\n<p>&nbsp;</p>\r\n\r\n<ol start=\"2\">\r\n\t<li style=\"list-style-type:decimal\"><span style=\"font-size:13.999999999999998pt\"><span style=\"font-family:'Times New Roman'\"><span style=\"color:#000000\">Stepper Motors: A stepper motor, also known as step motor or stepping motor, is a brushless DC electric motor that divides a full rotation into a number of equal steps. The motor&rsquo;s position can then be commanded to move and hold at one of these steps without any position sensor for feedback (an open-loop controller), as long as the motor is carefully sized to the application in respect to torque and speed</span></span></span></li>\r\n</ol>\r\n\r\n<p><br />\r\n&nbsp;</p>\r\n\r\n<p style=\"margin-right:18px\"><span style=\"font-size:11pt\"><span style=\"font-family:'Arial Black',sans-serif\"><span style=\"color:#000000\"><img src=\"https://lh5.googleusercontent.com/CQSYB9rZ8SKveKmnXfCjfwu-ClGK5WQBCQPyIkzPozh7V6dgn5_7-nixqRzM0vBekZKaiSahjsQRBBYZnU9_WHXf6kH_B64TTh-yTnk2D8S-hPcRho-7Pqu_dbKAU9zpIQNEuMs\" style=\"height:193px; width:214px\" /></span></span></span><span style=\"font-size:13.999999999999998pt\"><span style=\"font-family:'Times New Roman'\"><span style=\"color:#000000\"> &nbsp; &nbsp; &nbsp; &nbsp; &nbsp; &nbsp; &nbsp; &nbsp; &nbsp; &nbsp; </span></span></span><span style=\"font-size:13.999999999999998pt\"><span style=\"font-family:'Times New Roman'\"><span style=\"color:#000000\"><img src=\"https://lh3.googleusercontent.com/ikOYZI1Lg5sWYYGWaJWDtnpMPvgY4HRYVuK3Ej5BCdNqndL-xRMioPjnupj3MKebZJOq4aObqiDQs1mphiHmOqY0_WD3cEB7PTE0QcMj_Vk_8ti1SThC0et3TbojDqlulkWDCXk\" style=\"height:202px; width:275px\" /></span></span></span></p>\r\n\r\n<p>&nbsp;</p>\r\n\r\n<ol start=\"3\">\r\n\t<li style=\"list-style-type:decimal\"><span style=\"font-size:13.999999999999998pt\"><span style=\"font-family:'Times New Roman'\"><span style=\"color:#000000\">Servo Motor: A servomotor is a rotary actuator or linear actuator that allows for precise control of angular or linear position, velocity and acceleration. It consists of a suitable motor coupled to a sensor for position feedback... Servomotors are used in applications such as robotics, CNC machinery or automated manufacturing,</span></span></span></li>\r\n</ol>\r\n\r\n<p>&nbsp;</p>\r\n\r\n<ol start=\"4\">\r\n\t<li style=\"list-style-type:decimal\"><span style=\"font-size:13.999999999999998pt\"><span style=\"font-family:'Times New Roman'\"><span style=\"color:#000000\">CNC Shield V3 for motor A4988: This expansion board as a driver expansion board, can be used for engraving machines, 3D printers, CNC. It is a total of four slots, can drive four A4988 stepper motor. Each road stepper motors only need IO pots. In other words, six IO ports can be well managed three stepper motors.</span></span></span><span style=\"font-size:12pt\"><span style=\"font-family:'Times New Roman'\"><span style=\"color:#000000\">&nbsp;&nbsp;</span></span></span></li>\r\n</ol>\r\n\r\n<p>&nbsp;</p>\r\n\r\n<p style=\"margin-right:10px\"><span style=\"font-size:13.999999999999998pt\"><span style=\"font-family:'Times New Roman'\"><span style=\"color:#000000\"><img src=\"https://lh6.googleusercontent.com/YMVwziZstSEea9QsYfSn9v4WhfNZS9eQAiRk5Ql_LJBLGQKiUKNEhvi_3R9EyZT1yZVbXGDcYzb47hEa-tleWsFdkA9UILwFOT2vR5cOWnG0jx_u192Y0-1UF7WtYPfec2hr-cA\" style=\"height:235px; width:254px\" /></span></span></span><img src=\"https://lh3.googleusercontent.com/QRYp7z2XR3NwsRJ1PCsA8EZCBi2C_SC0yxzsTH3E6Z_hO129VMTZEhfwYta_AawcrkbSp1QEHALymxS1elGOAU3wY46OWdWSyGVhCtFyGUWVA9ZJHA6zvRQnkRnQzEv9i8oQPVY\" style=\"height:210px; width:292px\" /></p>\r\n\r\n<p><br />\r\n&nbsp;</p>\r\n\r\n<ol start=\"5\">\r\n\t<li style=\"list-style-type:decimal\"><span style=\"font-size:13.999999999999998pt\"><span style=\"font-family:'Times New Roman'\"><span style=\"color:#000000\">Aluminum Cylindrical Rods and Ball-Bearing:&nbsp; We used these rods for stable and smooth motion of motors along X and Y axes.&nbsp;</span></span></span></li>\r\n</ol>\r\n\r\n<p><br />\r\n<br />\r\n&nbsp;</p>\r\n\r\n<p><span style=\"font-size:20pt\"><span style=\"font-family:'Times New Roman'\"><span style=\"color:#000000\"><strong>Software</strong></span></span></span></p>\r\n\r\n<p>&nbsp;</p>\r\n\r\n<p style=\"text-align:justify\"><span style=\"font-size:13.999999999999998pt\"><span style=\"font-family:'Times New Roman'\"><span style=\"color:#000000\">Computer software, or simply software, is that part of a computer system that consists of</span></span></span></p>\r\n\r\n<p style=\"text-align:justify\"><span style=\"font-size:13.999999999999998pt\"><span style=\"font-family:'Times New Roman'\"><span style=\"color:#000000\">encoded information or computer instructions, in contrast to the physical hardware from which the system is built. The software used in this project comes under open source. Open-source software (OSS) is computer software with its source code made available with a license in which the copyright holder provides the rights to study, change, and distribute the software to anyone 15 and for any purpose. Open-source software may be developed in a collaborative public manner. Open-source software is the most prominent example of open-source development.</span></span></span></p>\r\n\r\n<p>&nbsp;</p>\r\n\r\n<ol>\r\n\t<li style=\"list-style-type:decimal\"><span style=\"font-size:13.999999999999998pt\"><span style=\"font-family:'Times New Roman'\"><span style=\"color:#000000\">Ardiuno IDE: The Arduino project provides the Arduino integrated development environment (IDE), which is a cross-platform application written in the programming language Java. It originated from the IDE for the languages Processing and Wiring. It is designed to introduce programming to artists and other newcomers unfamiliar with software development. It includes a code editor with features such as syntax highlighting, brace matching, and automatic indentation, and provides simple one-click mechanism to compile and load programs to an Arduino board. program written with the IDE for Arduino is called a &quot;sketch&quot;.</span></span></span></li>\r\n</ol>\r\n\r\n<p style=\"margin-left:48px; text-align:justify\"><span style=\"font-size:13.999999999999998pt\"><span style=\"font-family:'Times New Roman'\"><span style=\"color:#000000\">(Download Link: </span></span></span><a href=\"https://www.arduino.cc/en/\" style=\"text-decoration:none\"><span style=\"font-size:13.999999999999998pt\"><span style=\"font-family:'Times New Roman'\"><span style=\"color:#0000ff\"><u>https://www.arduino.cc/en</u></span></span></span></a><span style=\"font-size:13.999999999999998pt\"><span style=\"font-family:'Times New Roman'\"><span style=\"color:#000000\"> )</span></span></span></p>\r\n\r\n<ol start=\"2\">\r\n\t<li style=\"list-style-type:decimal\"><span style=\"font-size:13.999999999999998pt\"><span style=\"font-family:'Times New Roman'\"><span style=\"color:#000000\">Inkscape</span></span></span><span style=\"font-size:12pt\"><span style=\"font-family:'Times New Roman'\"><span style=\"color:#000000\">: </span></span></span><span style=\"font-size:13.999999999999998pt\"><span style=\"font-family:'Times New Roman'\"><span style=\"color:#000000\">There are two basic types of graphic images: bitmap (or raster) images and vector images. In the 1st case, the image is defined in terms of rows and columns of individual pixels, each with its own colour. In the second case, the image is defined in terms of lines, both straight and 17 curved. A single straight line is described in terms of its two end points.</span></span></span></li>\r\n</ol>\r\n\r\n<p style=\"margin-left:48px; text-align:justify\"><span style=\"font-size:13.999999999999998pt\"><span style=\"font-family:'Times New Roman'\"><span style=\"color:#000000\">The difference in these types of graphic images becomes readily apparent when a drawing is enlarged. The same line is shown on the left and right. On the left it is displayed as a bitmap image, while on the right it is displayed as a vector. In both cases, the line has been scaled up by a factor of four from its nominal size.</span></span></span></p>\r\n\r\n<p style=\"margin-left:48px; margin-right:8px; text-align:justify\"><span style=\"font-size:13.999999999999998pt\"><span style=\"font-family:'Times New Roman'\"><span style=\"color:#000000\">To obtain vector image of desired shape we use this software.</span></span></span></p>\r\n\r\n<p style=\"margin-left:48px; margin-right:8px; text-align:justify\"><span style=\"font-size:13.999999999999998pt\"><span style=\"font-family:'Times New Roman'\"><span style=\"color:#000000\">&nbsp;(Download Link: </span></span></span><a href=\"https://inkscape.org/\" style=\"text-decoration:none\"><span style=\"font-size:13.999999999999998pt\"><span style=\"font-family:'Times New Roman'\"><span style=\"color:#0000ff\"><u>https://inkscape.org</u></span></span></span></a><span style=\"font-size:13.999999999999998pt\"><span style=\"font-family:'Times New Roman'\"><span style=\"color:#000000\">)</span></span></span></p>\r\n\r\n<ol start=\"3\">\r\n\t<li style=\"list-style-type:decimal\"><span style=\"font-size:13.999999999999998pt\"><span style=\"font-family:'Times New Roman'\"><span style=\"color:#000000\">Universal G-Code Sender: Used to generate G-Code from vector image.</span></span></span></li>\r\n</ol>\r\n\r\n<p style=\"margin-left:48px; margin-right:8px; text-align:justify\"><span style=\"font-size:13.999999999999998pt\"><span style=\"font-family:'Times New Roman'\"><span style=\"color:#000000\">(Download Link: </span></span></span><a href=\"https://winder.github.io/ugs_website/\" style=\"text-decoration:none\"><span style=\"font-size:13.999999999999998pt\"><span style=\"font-family:'Times New Roman'\"><span style=\"color:#0000ff\"><u>https://winder.github.io/ugs_website</u></span></span></span></a><span style=\"font-size:13.999999999999998pt\"><span style=\"font-family:'Times New Roman'\"><span style=\"color:#000000\">)</span></span></span></p>\r\n\r\n<ol start=\"4\">\r\n\t<li style=\"list-style-type:decimal\"><span style=\"font-size:13.999999999999998pt\"><span style=\"font-family:'Times New Roman'\"><span style=\"color:#000000\">GRBL: Provide G-Code to Ardiuno board attached with CNC shield.</span></span></span></li>\r\n</ol>\r\n\r\n<p style=\"margin-left:48px; margin-right:8px; text-align:justify\"><span style=\"font-size:13.999999999999998pt\"><span style=\"font-family:'Times New Roman'\"><span style=\"color:#000000\">(Download Link: </span></span></span><a href=\"https://github.com/grbl/grbl\" style=\"text-decoration:none\"><span style=\"font-size:13.999999999999998pt\"><span style=\"font-family:'Times New Roman'\"><span style=\"color:#0000ff\"><u>https://github.com/grbl/grbl</u></span></span></span></a><span style=\"font-size:13.999999999999998pt\"><span style=\"font-family:'Times New Roman'\"><span style=\"color:#000000\">)&nbsp;</span></span></span></p>\r\n\r\n<p>&nbsp;</p>", "overview": "<p><span style=\"font-size:13.999999999999998pt\"><span style=\"font-family:Calibri,sans-serif\"><span style=\"color:#000000\"><strong>Introduction:</strong></span></span></span><span style=\"font-size:13.999999999999998pt\"><span style=\"font-family:Calibri,sans-serif\"><span style=\"color:#000000\"> In this project, we have made a CNC plotter. It is able to draw complex line drawings. CNC stands for Computer Numeric Control and typically refers to a machine whose operation is controlled by a computer. The coordinates are uploaded to the machine controller by a separate program. The image file is transformed into G-code via Inkscape. Then the code is transferred to the microcontroller by which the motor mechanism is instructed to draw the image. The machine has two motors to implement the X and Y axis. A server motor is used along the Z axis for positioning the pen.</span></span></span></p>\r\n\r\n<p>&nbsp;</p>\r\n\r\n<p>&nbsp;</p>\r\n\r\n<p><span style=\"font-size:13.999999999999998pt\"><span style=\"font-family:Calibri,sans-serif\"><span style=\"color:#000000\"><strong>Project by</strong></span></span></span><span style=\"font-size:13.999999999999998pt\"><span style=\"font-family:Calibri,sans-serif\"><span style=\"color:#000000\"><strong><em>: </em></strong></span></span></span><span style=\"font-size:13.999999999999998pt\"><span style=\"font-family:Calibri,sans-serif\"><span style=\"color:#000000\"><em>Amit&nbsp; Gupta, Divyansh Upadhyay</em></span></span></span></p>\r\n\r\n<p><span style=\"font-size:13.999999999999998pt\"><span style=\"font-family:Calibri,sans-serif\"><span style=\"color:#000000\"><em>Siddhesh Sunil Patil, Omesh Kumar&nbsp;</em></span></span></span></p>\r\n\r\n<p><span style=\"font-size:13.999999999999998pt\"><span style=\"font-family:Calibri,sans-serif\"><span style=\"color:#000000\"><em>Devang More, Parag Kumar Gupta</em></span></span></span></p>\r\n\r\n<p><span style=\"font-size:13.999999999999998pt\"><span style=\"font-family:Calibri,sans-serif\"><span style=\"color:#000000\"><em>Anshuman Chowdhary, Diptarag Ray Chaudhri</em></span></span></span></p>\r\n\r\n<p><br />\r\n<span style=\"font-size:13.999999999999998pt\"><span style=\"font-family:'Times New Roman'\"><span style=\"color:#000000\"><strong>Mentored by:</strong></span></span></span><span style=\"font-size:13.999999999999998pt\"><span style=\"font-family:'Times New Roman'\"><span style=\"color:#000000\"> </span></span></span><span style=\"font-size:13.999999999999998pt\"><span style=\"font-family:'Times New Roman'\"><span style=\"color:#000000\"><em>Gaurav Bansal, Anuj Tiwari</em></span></span></span></p>", "status": 1, "comp_and_tech": "Arduino, CNC shield, Inkscape,MI GRBL, Stepper Motor ,Servo Motor, Smooth Rods, Ball Bearing", "image": "projects/47cc2e04861411eb8475b4969153f04c.jpeg", "members": [1]}}, {"model": "project.sharekey", "pk": "AndOrqmLxNE1EPnB1fmejNffqTEcpioqR6PWQZmc", "fields": {"project": 7, "location": "/projects/detail/7/", "creation_date": "2021-03-16T04:40:17.977Z", "expiration_seconds": 86400}}, {"model": "project.sharekey", "pk": "C7yiN7lh5lieWHsmOxIyVj1XEx0pxuATyJkeB3mi", "fields": {"project": 8, "location": "/projects/detail/8/", "creation_date": "2021-03-16T05:20:03.096Z", "expiration_seconds": 86400}}, {"model": "project.sharekey", "pk": "uNvhVZzHwMZhR1a61XGDpAcYeurKHVAkW1nieHMu", "fields": {"project": 2, "location": "/projects/detail/2/", "creation_date": "2021-03-15T07:23:10.743Z", "expiration_seconds": 86400}}, {"model": "blog.blog", "pk": 1, "fields": {"title": "Machine Learning", "author": 3, "content": "<p>This is a demo content</p>", "date": "2021-03-13", "vidlink": "https://www.youtube.com/embed/BpJCAafw2qE", "image": "blogs/780e0c44840d11eba51ab4969153f04c.jpg", "approved": true}}, {"model": "blog.blog", "pk": 2, "fields": {"title": "new", "author": 1, "content": "<p>df</p>", "date": "2021-03-13", "vidlink": "", "image": "default-blog.png", "approved": true}}, {"model": "blog.blog", "pk": 3, "fields": {"title": "After update", "author": 1, "content": "<p>Testing</p>", "date": "2021-03-14", "vidlink": "", "image": "", "approved": true}}, {"model": "user.profile", "pk": 1, "fields": {"user": 1, "first_name": "Divyansh", "last_name": "Upadhyay", "regnum": 20198117, "branch": 8, "linkedin": null, "phone": 8630187335, "role": 3}}, {"model": "user.profile", "pk": 3, "fields": {"user": 3, "first_name": "Anurag", "last_name": "Gupta", "regnum": 20195168, "branch": 5, "linkedin": null, "phone": null, "role": 3}}, {"model": "user.profile", "pk": 4, "fields": {"user": 4, "first_name": "", "last_name": "", "regnum": null, "branch": null, "linkedin": null, "phone": null, "role": 1}}, {"model": "user.profile", "pk": 6, "fields": {"user": 6, "first_name": "", "last_name": "", "regnum": null, "branch": null, "linkedin": null, "phone": null, "role": 1}}, {"model": "user.profile", "pk": 7, "fields": {"user": 7, "first_name": "", "last_name": "", "regnum": null, "branch": null, "linkedin": null, "phone": null, "role": 2}}, {"model": "user.profile", "pk": 8, "fields": {"user": 8, "first_name": "Ashutosh", "last_name": "Kumar", "regnum": 20184029, "branch": 4, "linkedin": null, "phone": null, "role": 2}}, {"model": "user.profile", "pk": 9, "fields": {"user": 9, "first_name": "", "last_name": "", "regnum": null, "branch": null, "linkedin": null, "phone": null, "role": 3}}, {"model": "user.profile", "pk": 10, "fields": {"user": 10, "first_name": "", "last_name": "", "regnum": null, "branch": null, "linkedin": null, "phone": null, "role": 1}}, {"model": "component.component", "pk": 2, "fields": {"name": "Ardiuno Uno", "detail": "Board", "image": "components/2163d9fa849911eb8875b4969153f04c.jpg", "type": 0, "max_num": 10, "issued_num": 1, "issued_members": []}}, {"model": "component.component", "pk": 3, "fields": {"name": "CNC Shield", "detail": "", "image": "", "type": 6, "max_num": 10, "issued_num": 0, "issued_members": []}}, {"model": "component.request", "pk": 20, "fields": {"request_user": 8, "component": 2, "status": 1, "request_num": 1, "user_confirmation": false, "time_confirmation": null, "reason": "Testing"}}, {"model": "component.request", "pk": 21, "fields": {"request_user": 10, "component": 2, "status": 0, "request_num": 2, "user_confirmation": false, "time_confirmation": null, "reason": "2"}}, {"model": "taggit.tag", "pk": 1, "fields": {"name": "ML", "slug": "ml"}}, {"model": "taggit.tag", "pk": 2, "fields": {"name": "NLP", "slug": "nlp"}}, {"model": "taggit.tag", "pk": 3, "fields": {"name": "t1", "slug": "t1"}}, {"model": "taggit.tag", "pk": 4, "fields": {"name": "navigation", "slug": "navigation"}}, {"model": "taggit.tag", "pk": 5, "fields": {"name": "ros", "slug": "ros"}}, {"model": "taggit.tag", "pk": 6, "fields": {"name": "Tag", "slug": "tag"}}, {"model": "taggit.tag", "pk": 7, "fields": {"name": "featured", "slug": "featured"}}, {"model": "taggit.tag", "pk": 8, "fields": {"name": "test", "slug": "test"}}, {"model": "taggit.tag", "pk": 9, "fields": {"name": "opencv", "slug": "opencv"}}, {"model": "taggit.tag", "pk": 10, "fields": {"name": "python", "slug": "python"}}, {"model": "taggit.tag", "pk": 11, "fields": {"name": "CNC", "slug": "cnc"}}, {"model": "taggit.taggeditem", "pk": 1, "fields": {"tag": 1, "content_type": 9, "object_id": 1}}, {"model": "taggit.taggeditem", "pk": 2, "fields": {"tag": 2, "content_type": 9, "object_id": 1}}, {"model": "taggit.taggeditem", "pk": 3, "fields": {"tag": 3, "content_type": 9, "object_id": 2}}, {"model": "taggit.taggeditem", "pk": 5, "fields": {"tag": 4, "content_type": 7, "object_id": 2}}, {"model": "taggit.taggeditem", "pk": 6, "fields": {"tag": 5, "content_type": 7, "object_id": 2}}, {"model": "taggit.taggeditem", "pk": 7, "fields": {"tag": 6, "content_type": 9, "object_id": 3}}, {"model": "taggit.taggeditem", "pk": 9, "fields": {"tag": 7, "content_type": 7, "object_id": 2}}, {"model": "taggit.taggeditem", "pk": 14, "fields": {"tag": 10, "content_type": 7, "object_id": 4}}, {"model": "taggit.taggeditem", "pk": 15, "fields": {"tag": 7, "content_type": 7, "object_id": 4}}, {"model": "taggit.taggeditem", "pk": 16, "fields": {"tag": 9, "content_type": 7, "object_id": 5}}, {"model": "taggit.taggeditem", "pk": 17, "fields": {"tag": 10, "content_type": 7, "object_id": 5}}, {"model": "taggit.taggeditem", "pk": 18, "fields": {"tag": 7, "content_type": 7, "object_id": 5}}, {"model": "taggit.taggeditem", "pk": 19, "fields": {"tag": 10, "content_type": 7, "object_id": 6}}, {"model": "taggit.taggeditem", "pk": 20, "fields": {"tag": 5, "content_type": 7, "object_id": 6}}, {"model": "taggit.taggeditem", "pk": 21, "fields": {"tag": 7, "content_type": 7, "object_id": 6}}, {"model": "taggit.taggeditem", "pk": 22, "fields": {"tag": 1, "content_type": 7, "object_id": 7}}, {"model": "taggit.taggeditem", "pk": 23, "fields": {"tag": 10, "content_type": 7, "object_id": 7}}, {"model": "taggit.taggeditem", "pk": 24, "fields": {"tag": 9, "content_type": 7, "object_id": 7}}, {"model": "taggit.taggeditem", "pk": 25, "fields": {"tag": 7, "content_type": 7, "object_id": 7}}, {"model": "taggit.taggeditem", "pk": 26, "fields": {"tag": 11, "content_type": 7, "object_id": 8}}, {"model": "taggit.taggeditem", "pk": 27, "fields": {"tag": 7, "content_type": 7, "object_id": 8}}, {"model": "news.news", "pk": 1, "fields": {"title": "Machine Learning", "content": "This is a random notice", "link": "https://www.youtube.com/watch?v=qNsdLNR1nio", "date": "2021-03-13", "is_open": true}}, {"model": "news.news", "pk": 2, "fields": {"title": "Basic electronics", "content": "There is a new workshop in our college, Check it out", "link": "https://www.youtube.com/watch?v=qNsdLNR1nio", "date": "2021-03-13", "is_open": true}}]